city;country;year;jams_delay;traffic_index_live;jams_length_kms;jams_count;mins_delay;travel_time_live_per_10kms_mins;travel_time_hist_per_10kms_mins;city_gdp_capita;unemployment_pct;pm25;population
belo-horizonte;BRA;2024;26.304.787.931.788.300;19.428.946.217.752.500;4.403.812.855.268.900;6.880.542.195.015.300;0.4872275360037778;1.830.453.814.854.740;17.817.310.612.543.600;11124.0;9.5;16,8;6100000.0
bogota;COL;2024;11.415.523.642.732.000;37.614.273.204.903.600;14.089.356.392.294.200;23.056.654.991.243.400;16.996.284.237.494.000;2.499.218.531.844.910;2.329.255.689.469.970;11442.0;10.0;17,6;11300000.0
brasilia;BRA;2024;10.157.632.617.273.100;11.258.220.078.912.700;18.337.132.836.475.200;2.728.014.028.934.670;0.1934421559877342;13.338.658.187.159.700;13.145.216.031.172.000;16251.0;7.8;12,8;4800000.0
buenos-aires;ARG;2024;5.710.895.933.537.380;1.775.601.224.311.320;10.028.784.433.756.000;13.735.986.007.870.500;0.41656646170772604;17.907.915.659.200.000;1.749.134.919.749.230;18117.0;7.2;14,5;15400000.0
curitiba;BRA;2024;18.346.927.447.552.400;14.954.545.454.545.400;300.500.437.062.937;4.689.816.433.566.430;0.13996459672844222;17.258.700.416.746.200;17.118.735.820.017.800;12381.0;8.2;13,5;3700000.0
fortaleza;BRA;2024;8.281.318.101.933.210;15.896.748.681.898.000;11.205.843.585.237.200;2.464.499.121.265.370;0.0816177475203336;19.267.171.496.002.600;19.185.553.748.482.300;8512.0;11.8;14,6;4200000.0
lima;PER;2024;10.522.927.888.792.300;31.031.277.150.304.000;11.031.476.976.542.100;2.134.535.186.794.090;1.506.304.510.304.870;25.674.260.588.392.600;2.416.795.607.808.770;13472.0;6.5;19,7;11200000.0
mexico-city;MEX;2024;28.330.578.924.355.000;3.421.818.976.825.530;3.892.392.654.132.040;594.969.392.216.878;18.555.424.236.133.500;2.180.909.246.041.580;19.953.550.036.802.300;21111.0;3.2;22,3;22100000.0
montevideo;URY;2024;502.010.921.799.912;1.701.485.364.788.110;6.369.200.524.246.400;14.160.332.022.717.300;0.3934420136382757;18.892.342.279.198.200;18.498.900.265.559.900;26176.0;8.4;11,2;1800000.0
porto-alegre;BRA;2024;1.393.828.296.101.620;1.768.725.361.366.620;20.167.849.321.068.700;39.813.403.416.557.100;0.19419456468503604;16.166.684.319.293.000;15.972.489.754.607.900;11801.0;8.7;14,2;4300000.0
recife;BRA;2024;11.275.555.069.930.000;21.555.944.055.944.000;168.854.895.104.895;3.322.115.384.615.380;0.07253879036529949;2.010.156.890.188.660;20.029.030.111.521.300;9189.0;11.2;15,8;40.999.999.999.999.900
rio-de-janeiro;BRA;2024;46.606.470.588.235.200;2.516.296.296.296.290;8.501.511.982.570.790;12.389.193.899.782.100;0.3613022575932048;17.137.320.045.767.000;16.776.017.788.173.800;13349.0;9.2;18,4;13700000.0
salvador;BRA;2024;8.640.000.000.000.000;20.928.727.590.730.200;1.317.044.162.658.500;2.523.524.267.599.470;0.11581062763269719;16.831.620.342.063.700;1.671.580.971.443.110;8899.0;12.4;15,2;3900000.0
santiago;CHL;2024;6.298.653.176.675.360;20.155.352.480.417.700;9.348.912.097.476.060;1.530.953.002.610.960;0.6274451728168534;1.703.130.951.450.780;16.403.864.341.691.000;2277.0;7.8;21,3;7100000.0
sao-paulo;BRA;2024;1.729.189.270.199.820;26.877.932.232.841.000;23.841.989.574.283.200;4.314.704.604.691.570;1.129.025.667.445.170;2.080.183.582.904.740;1.967.281.016.160.220;14703.0;8.5;28;22600000.0
